Rank	Player	Team	Position(s)	ADP	Min Pick	Max Pick	Difference	# Picks	Team	Team Pick
1	Gurley, Todd	LA	RB	1.22	1	4		4896		
2	Bell, Le'Veon	PIT	RB	2.19	1	6		4896		
3	Johnson, David	ARZ	RB	3.38	1	8		4896		
4	Elliott, Ezekiel	DAL	RB	3.73	1	8		4896		
5	Brown, Antonio	PIT	WR	5.09	1	9		4896		
6	Kamara, Alvin	NO	RB	6.14	1	12		4896		
7	Hopkins, DeAndre	HOU	WR	7.85	1	15		4895		
8	Barkley, Saquon	NYG	RB	7.96	2	19		4896		
9	Hunt, Kareem	KC	RB	9.15	1	18		4896		
10	Beckham, Odell	NYG	WR	10.49	5	18		4896		
11	Gordon, Melvin	LAC	RB	11.28	1	21		4896		
12	Fournette, Leonard	JAX	RB	11.55	2	20		4896		
13	Jones, Julio	ATL	WR	13.13	5	21		4896		
14	Cook, Dalvin	MIN	RB	14.03	1	23		4896		
15	Thomas, Michael	NO	WR	14.69	2	23		4896		
16	Allen, Keenan	LAC	WR	16.07	8	27		4895		
17	McCaffrey, Christian	CAR	RB	17.38	2	28		4896		
18	Adams, Davante	GB	WR	19.24	1	28		4896		
19	Green, A.J.	CIN	WR	19.39	9	31		4896		
20	Freeman, Devonta	ATL	RB	21.19	9	32		4896		
21	Evans, Mike	TB	WR	22.53	10	35		4896		
22	Mixon, Joe	CIN	RB	23.95	11	36		4896		
23	McCoy, LeSean	BUF	RB	24.32	7	74		4896		
24	Gronkowski, Rob	NE	TE	24.46	2	41		4896		
25	Howard, Jordan	CHI	RB	26.25	13	46		4896		
26	McKinnon, Jerick	SF	RB	26.51	2	126		4896		
27	Kelce, Travis	KC	TE	27.59	11	44		4896		
28	Hill, Tyreek	KC	WR	28.70	13	47		4895		
29	Baldwin, Doug	SEA	WR	28.82	17	48		4896		
30	Thielen, Adam	MIN	WR	29.49	14	43		4896		
31	Hilton, T.Y.	IND	WR	30.88	13	50		4896		
32	Diggs, Stefon	MIN	WR	33.64	17	51		4896		
33	Fitzgerald, Larry	ARZ	WR	34.49	20	56		4896		
34	Drake, Kenyan	MIA	RB	35.94	13	57		4895		
35	Ertz, Zach	PHI	TE	36.30	13	62		4896		
36	Henry, Derrick	TEN	RB	37.14	11	62		4896		
37	Ingram, Mark	NO	RB	37.65	13	69		4896		
38	Cooper, Amari	OAK	WR	37.80	13	57		4896		
39	Robinson, Allen	CHI	WR	41.32	22	60		4896		
40	Cooks, Brandin	LA	WR	42.87	13	68		4896		
41	Thomas, Demaryius	DEN	WR	43.98	25	65		4896		
42	Ajayi, Jay	PHI	RB	45.33	22	69		4896		
43	Gordon, Josh	CLE	WR	45.46	17	98		4896		
44	Tate, Golden	DET	WR	46.12	27	63		4896		
45	Smith-Schuster, JuJu	PIT	WR	46.29	25	61		4896		
46	Collins, Alex	BAL	RB	46.65	22	94		4896		
47	Jeffery, Alshon	PHI	WR	48.36	12	103		4896		
48	Landry, Jarvis	CLE	WR	48.69	21	75		4895		
49	Rodgers, Aaron	GB	QB	49.77	3	72		4896		
50	Jones, Marvin	DET	WR	51.54	18	79		4896		
51	Penny, Rashaad	SEA	RB	51.88	19	162		4896		
52	Lewis, Dion	TEN	RB	51.89	20	104		4896		
53	Michel, Sony	NE	RB	55.35	18	146		4896		
54	Miller, Lamar	HOU	RB	57.92	24	115		4896		
55	Guice, Derrius	WAS	RB	59.79	13	237		4348		
56	Engram, Evan	NYG	TE	61.35	26	96		4896		
57	Coleman, Tevin	ATL	RB	63.07	26	91		4896		
58	Watkins, Sammy	KC	WR	63.23	36	98		4896		
59	Crabtree, Michael	BAL	WR	63.34	37	102		4896		
60	Edelman, Julian	NE	WR	64.33	31	126		4896		
61	Jones, Ronald	TB	RB	64.68	29	160		4896		
62	Hyde, Carlos	CLE	RB	65.20	12	122		4895		
63	Funchess, Devin	CAR	WR	66.22	36	106		4896		
64	Graham, Jimmy	GB	TE	67.73	18	106		4896		
65	Davis, Corey	TEN	WR	67.76	39	107		4896		
66	Wilson, Russell	SEA	QB	68.22	13	103		4896		
67	Olsen, Greg	CAR	TE	68.61	37	96		4896		
68	Freeman, Royce	DEN	RB	68.72	16	234		4895		
69	Woods, Robert	LA	WR	70.13	35	112		4895		
70	Cohen, Tarik	CHI	RB	70.40	30	124		4896		
71	Thompson, Chris	WAS	RB	71.79	10	145		4896		
72	Watson, Deshaun	HOU	QB	72.41	15	108		4896		
73	Burkhead, Rex	NE	RB	73.88	8	177		4896		
74	Johnson, Duke	CLE	RB	76.11	29	128		4896		
75	Hogan, Chris	NE	WR	76.20	34	176		4896		
76	Sanders, Emmanuel	DEN	WR	77.44	28	124		4896		
77	Kupp, Cooper	LA	WR	77.50	35	113		4896		
78	Fuller, Will	HOU	WR	77.94	46	121		4896		
79	Walker, Delanie	TEN	TE	80.26	37	111		4896		
80	Brady, Tom	NE	QB	80.56	10	109		4896		
81	Chubb, Nick	CLE	RB	81.03	32	165		4895		
82	Goodwin, Marquise	SF	WR	81.34	27	119		4896		
83	Garcon, Pierre	SF	WR	82.24	46	155		4896		
84	Crowder, Jamison	WAS	WR	83.05	42	120		4896		
85	Rudolph, Kyle	MIN	TE	84.89	27	117		4896		
86	Lynch, Marshawn	OAK	RB	85.29	42	182		4896		
87	Williams, Jamaal	GB	RB	87.18	36	137		4896		
88	Jones, Aaron	GB	RB	88.92	42	151		4896		
89	Cobb, Randall	GB	WR	90.83	49	163		4896		
90	Newton, Cam	CAR	QB	91.20	38	120		4896		
91	Nelson, Jordy	OAK	WR	91.56	27	154		4895		
92	Agholor, Nelson	PHI	WR	92.85	49	136		4896		
93	Crowell, Isaiah	NYJ	RB	93.12	51	160		4896		
94	Johnson, Kerryon	DET	RB	93.37	36	238		4893		
95	Anderson, C.J.	CAR	RB	94.07	49	165		4896		
96	Mack, Marlon	IND	RB	94.15	41	167		4896		
97	Wentz, Carson	PHI	QB	95.64	30	135		4896		
98	Parker, DeVante	MIA	WR	96.72	45	218		4896		
99	Brees, Drew	NO	QB	97.01	36	122		4896		
100	Bryant, Dez	FA	WR	99.28	37	240		4893		
101	Burton, Trey	CHI	TE	99.84	44	182		4896		
102	Reed, Jordan	WAS	TE	100.17	60	160		4896		
103	Shepard, Sterling	NYG	WR	100.70	54	160		4895		
104	Anderson, Robby	NYJ	WR	102.09	51	161		4896		
105	Cousins, Kirk	MIN	QB	105.81	26	140		4896		
106	Doyle, Jack	IND	TE	106.17	54	156		4896		
107	Stills, Kenny	MIA	WR	107.78	69	158		4896		
108	Stafford, Matthew	DET	QB	111.84	59	139		4896		
109	Garoppolo, Jimmy	SF	QB	111.96	37	151		4896		
110	Lee, Marqise	JAX	WR	112.38	65	178		4896		
111	Benjamin, Kelvin	BUF	WR	112.57	63	180		4896		
112	Kittle, George	SF	TE	112.80	65	166		4896		
113	White, James	NE	RB	116.50	57	192		4896		
114	Riddick, Theo	DET	RB	117.01	62	203		4896		
115	Roethlisberger, Ben	PIT	QB	117.55	41	155		4895		
116	Bernard, Giovani	CIN	RB	120.23	47	182		4896		
117	Rivers, Philip	LAC	QB	120.67	62	152		4896		
118	Foreman, D'Onta	HOU	RB	121.12	57	234		4891		
119	Luck, Andrew	IND	QB	121.17	45	170		4896		
120	Montgomery, Ty	GB	RB	121.44	69	189		4896		
121	Matthews, Rishard	TEN	WR	125.09	71	235		4896		
122	Jaguars, Jacksonville	JAX	TDSP	126.18	46	183		4896		
123	Booker, Devontae	DEN	RB	126.63	55	218		4895		
124	Goff, Jared	LA	QB	126.81	38	182		4896		
125	Mariota, Marcus	TEN	QB	128.39	70	167		4896		
126	Carson, Chris	SEA	RB	129.37	51	231		4893		
127	Mahomes, Patrick	KC	QB	129.38	73	171		4896		
128	Ryan, Matt	ATL	QB	129.81	83	167		4896		
129	Njoku, David	CLE	TE	131.67	71	192		4896		
130	Howard, O.J.	TB	TE	131.89	76	199		4896		
131	Doctson, Josh	WAS	WR	131.95	70	235		4895		
132	Hurns, Allen	DAL	WR	134.53	72	239		4862		
133	Meredith, Cameron	NO	WR	137.38	79	238		4895		
134	Clement, Corey	PHI	RB	137.97	68	228		4896		
135	Golladay, Kenny	DET	WR	139.28	79	210		4896		
136	Bryant, Martavis	OAK	WR	139.74	74	235		4884		
137	Sanu, Mohamed	ATL	WR	141.98	77	236		4896		
138	Eifert, Tyler	CIN	TE	142.10	93	237		4894		
139	Smith, Alex	WAS	QB	142.76	81	193		4896		
140	Jackson, DeSean	TB	WR	142.81	78	240		4895		
141	Brate, Cameron	TB	TE	143.06	78	230		4896		
142	Ridley, Calvin	ATL	WR	144.41	52	222		4895		
143	Lockett, Tyler	SEA	WR	144.47	83	223		4895		
144	Prescott, Dak	DAL	QB	145.04	95	213		4896		
145	Moore, D.J.	CAR	WR	145.35	25	231		4893		
146	Hines, Nyheim	IND	RB	145.91	37	240		4647		
147	Ginn, Ted	NO	WR	146.28	78	239		4896		
148	Winston, Jameis	TB	QB	147.99	92	236		4895		
149	Rams, Los Angeles	LA	TDSP	148.52	57	198		4896		
150	Powell, Bilal	NYJ	RB	148.80	73	238		4891		
151	Richardson, Paul	WAS	WR	150.48	86	227		4895		
152	Carr, Derek	OAK	QB	150.50	76	212		4896		
153	Ebron, Eric	IND	TE	152.01	84	212		4896		
154	Seferian-Jenkins, Austin	JAX	TE	155.51	85	227		4896		
155	Cook, Jared	OAK	TE	156.98	73	231		4896		
156	Murray, Latavius	MIN	RB	157.94	34	238		4895		
157	Trubisky, Mitchell	CHI	QB	157.98	98	236		4895		
158	Williams, Mike	LAC	WR	159.45	24	239		4892		
159	Clay, Charles	BUF	TE	159.48	95	240		4896		
160	Blount, LeGarrette	DET	RB	160.90	51	239		4885		
161	Williams, Tyrell	LAC	WR	162.36	84	239		4896		
162	Breida, Matt	SF	RB	164.90	67	240		4875		
163	Bortles, Blake	JAX	QB	165.83	92	238		4896		
164	Eagles, Philadelphia	PHI	TDSP	168.54	82	203		4896		
165	Vikings, Minnesota	MIN	TDSP	168.99	63	210		4896		
166	McDonald, Vance	PIT	TE	169.05	98	239		4878		
167	Martin, Doug	OAK	RB	170.37	70	240		4855		
168	Hooper, Austin	ATL	TE	170.85	105	235		4893		
169	Barber, Peyton	TB	RB	171.64	49	240		4825		
170	Keenum, Case	DEN	QB	171.85	114	240		4881		
171	Godwin, Chris	TB	WR	173.73	82	239		4877		
172	Chargers, Los Angeles	LAC	TDSP	173.91	89	212		4896		
173	Westbrook, Dede	JAX	WR	176.29	83	240		4850		
174	Manning, Eli	NYG	QB	176.36	108	240		4875		
175	Cole, Keelan	JAX	WR	177.24	87	240		4857		
176	Miller, Anthony	CHI	WR	179.18	58	240		4464		
177	Ekeler, Austin	LAC	RB	179.25	98	240		4838		
178	Dalton, Andy	CIN	QB	179.57	101	240		4869		
179	Watson, Benjamin	NO	TE	179.83	89	240		4762		
180	Seals-Jones, Ricky	ARZ	TE	179.88	109	240		4872		
181	Gallup, Michael	DAL	WR	181.17	79	240		4493		
182	Ravens, Baltimore	BAL	TDSP	182.59	95	212		4896		
183	Murray, DeMarco	FA	RB	184.39	51	240		4312		
184	Wallace, Mike	PHI	WR	185.34	100	240		4865		
185	Texans, Houston	HOU	TDSP	187.94	109	224		4896		
186	Perine, Samaje	WAS	RB	190.32	55	240		4121		
187	Saints, New Orleans	NO	TDSP	193.07	130	221		4896		
188	Gesicki, Mike	MIA	TE	193.48	85	240		4452		
189	Gore, Frank	MIA	RB	193.88	60	240		4619		
190	Broncos, Denver	DEN	TDSP	194.34	97	226		4896		
191	Moncrief, Donte	JAX	WR	196.50	100	240		4606		
192	Amendola, Danny	MIA	WR	199.72	91	240		4664		
193	Kirk, Christian	ARZ	WR	199.99	90	240		4470		
194	Matthews, Jordan	NE	WR	200.29	62	240		3897		
195	Steelers, Pittsburgh	PIT	TDSP	201.52	82	228		4896		
196	Allen, Javorius	BAL	RB	201.93	19	240		4296		
197	Sutton, Courtland	DEN	WR	202.21	84	240		4197		
198	Yeldon, T.J.	JAX	RB	202.73	105	240		4358		
199	Taylor, Tyrod	CLE	QB	203.00	110	240		4237		
200	Bears, Chicago	CHI	TDSP	203.22	135	233		4896		
201	Wilkins, Jordan	IND	RB	203.29	102	240		3712		
202	Henry, Hunter	LAC	TE	204.22	28	226		1065		
203	Dixon, Kenneth	BAL	RB	204.71	98	240		3819		
204	Brown, John	BAL	WR	204.83	9	240		4378		
205	Ware, Spencer	KC	RB	205.29	32	240		4226		
206	Patriots, New England	NE	TDSP	205.32	129	234		4895		
207	Enunwa, Quincy	NYJ	WR	208.03	117	240		4313		
208	Allison, Geronimo	GB	WR	208.28	90	240		4218		
209	Washington, James	PIT	WR	208.73	98	240		4431		
210	Panthers, Carolina	CAR	TDSP	208.82	139	235		4896		
211	Tannehill, Ryan	MIA	QB	208.95	118	240		3977		
212	Wilson, Albert	MIA	WR	208.95	82	240		4217		
213	Hurst, Hayden	BAL	TE	212.96	110	240		3776		
214	Ross, John	CIN	WR	213.61	107	240		3895		
215	Ivory, Chris	BUF	RB	214.85	48	240		2987		
216	Ballage, Kalen	MIA	RB	215.00	97	240		3339		
217	Lions, Detroit	DET	TDSP	215.44	151	240		4890		
218	Titans, Tennessee	TEN	TDSP	215.93	142	240		4892		
219	Chiefs, Kansas City	KC	TDSP	216.80	157	240		4875		
220	Kroft, Tyler	CIN	TE	219.36	109	240		3360		
221	Pryor, Terrelle	NYJ	WR	219.41	103	240		3211		
222	Falcons, Atlanta	ATL	TDSP	219.50	145	240		4873		
223	Sproles, Darren	PHI	RB	219.71	111	240		3073		
224	Everett, Gerald	LA	TE	220.62	142	240		3202		
225	Seahawks, Seattle	SEA	TDSP	220.65	180	240		4800		
226	Davis, Vernon	WAS	TE	220.95	117	240		3416		
227	Grant, Ryan	IND	WR	221.63	125	240		3184		
228	Coleman, Corey	BUF	WR	222.24	111	240		2983		
229	Willson, Luke	DET	TE	224.14	142	240		3071		
230	Flacco, Joe	BAL	QB	224.76	126	240		2603		
231	Butt, Jake	DEN	TE	225.70	146	240		2928		
232	Kearse, Jermaine	NYJ	WR	226.23	102	240		2676		
233	Hill, Jeremy	NE	RB	226.72	105	240		2037		
234	Gabriel, Taylor	CHI	WR	226.74	97	240		2656		
235	Taylor, Taywan	TEN	WR	227.51	119	240		2320		
236	Cardinals, Arizona	ARZ	TDSP	228.64	185	240		4379		
237	Buccaneers, Tampa Bay	TB	TDSP	229.04	188	240		4293		
238	Packers, Green Bay	GB	TDSP	229.25	131	240		4289		
239	Witten, Jason	RET	TE	231.61	97	236		590		
240	Kelly, John	LA	RB	231.63	121	240		1618		
241	Bills, Buffalo	BUF	TDSP	231.73	172	240		3928		
242	McGuire, Elijah	NYJ	RB	232.06	104	240		1479		
243	Mayfield, Baker	CLE	QB	232.21	117	240		1677		
244	Kelley, Robert	WAS	RB	232.29	86	240		774		
245	Jackson, Lamar	BAL	QB	233.50	103	240		1503		
246	Austin, Tavon	DAL	WR	233.75	138	240		1881		
247	Bradford, Sam	ARZ	QB	233.91	120	240		1278		
248	Stewart, Jonathan	NYG	RB	234.01	98	240		1114		
249	Beasley, Cole	DAL	WR	234.31	99	240		1695		
250	Snead, Willie	BAL	WR	235.07	137	240		1632		
251	Goedert, Dallas	PHI	TE	235.13	126	240		1277		
252	Redskins, Washington	WAS	TDSP	235.23	164	240		3029		
253	Conner, James	PIT	RB	235.25	95	240		1209		
254	49ers, San Francisco	SF	TDSP	235.37	181	240		2919		
255	Browns, Cleveland	CLE	TDSP	235.71	163	240		2552		
256	Bengals, Cincinnati	CIN	TDSP	236.30	180	240		2659		
257	Grant, Corey	JAX	RB	236.69	136	240		1000		
258	Pettis, Dante	SF	WR	236.77	115	240		1088		
259	Abdullah, Ameer	DET	RB	236.94	107	240		705		
260	Cowboys, Dallas	DAL	TDSP	237.12	168	240		2097		
261	Shaheen, Adam	CHI	TE	237.15	105	240		799		
262	Decker, Eric	NE	WR	237.22	99	240		627		
263	Gallman, Wayne	NYG	RB	237.53	115	240		596		
264	Gathers, Rico	DAL	TE	237.64	137	240		718		
265	Peterson, Adrian	WAS	RB	237.79	61	240		455		
266	Dickson, Ed	SEA	TE	237.86	161	240		811		
267	Giants, New York	NYG	TDSP	238.04	197	240		1694		
268	Jones, Zay	BUF	WR	238.15	145	240		659		
269	Marshall, Brandon	SEA	WR	238.37	121	240		719		
270	Prosise, C.J.	SEA	RB	238.41	125	240		561		
271	Gates, Antonio	FA	TE	238.41	145	240		712		
272	Samuels, Jaylen	PIT	RB	238.58	117	240		612		
273	Darnold, Sam	NYJ	QB	238.59	129	240		553		
274	Williams, Terrance	DAL	WR	238.72	121	240		755		
275	Smith, Rod	DAL	RB	238.78	23	240		574		
276	Smith, Torrey	CAR	WR	238.94	148	240		518		
277	Rosen, Josh	ARZ	QB	238.96	133	240		558		
278	Smith, Tre'Quan	NO	WR	239.00	157	240		585		
279	Edmonds, Chase	ARZ	RB	239.00	143	240		571		
280	Taylor, Trent	SF	WR	239.03	145	240		471		
281	Darkwa, Orleans	NYG	RB	239.05	110	240		244		
282	Anderson, Stephen	HOU	TE	239.07	161	240		520		
283	Brown, Jaron	SEA	WR	239.23	169	240		598		
284	Green, Virgil	LAC	TE	239.25	136	240		475		
285	Rogers, Chester	IND	WR	239.26	144	240		494		
286	Callaway, Antonio	CLE	WR	239.27	106	240		362		
287	White, Kevin	CHI	WR	239.33	139	240		446		
288	Vannett, Nick	SEA	TE	239.58	141	240		348		
289	Patterson, Cordarrelle	NE	WR	239.64	80	240		348		
290	Jackson, Justin	LAC	RB	239.65	157	240		366		
291	Scarbrough, Bo	DAL	RB	239.65	74	240		280		
292	Coutee, Keke	HOU	WR	239.66	92	240		449		
293	Butler, Brice	ARZ	WR	239.68	109	240		394		
294	Smith, Jonnu	TEN	TE	239.81	145	240		295		
295	Benjamin, Travis	LAC	WR	239.83	146	240		445		
296	Mitchell, Malcolm	NE	WR	240.02	151	240		235		
297	James, Jesse	PIT	TE	240.02	115	240		236		
298	Foles, Nick	PHI	QB	240.08	168	240		259		
299	Penny, Elijhaa	ARZ	RB	240.11	131	240		126		
300	Henderson, De'Angelo	DEN	RB	240.12	140	240		197		
301	Nelson, J.J.	ARZ	WR	240.20	153	240		239		
302	Walton, Mark	CIN	RB	240.22	150	240		153		
303	Samuel, Curtis	CAR	WR	240.26	157	240		183		
304	Williams, Joe	SF	RB	240.33	159	240		155		
305	Wright, Kendall	MIN	WR	240.34	118	240		152		
306	Raiders, Oakland	OAK	TDSP	240.38	182	240		366		
307	McCown, Josh	NYJ	QB	240.39	164	240		154		
308	Williams, Jonathan	NO	RB	240.40	142	240		161		
309	Chark, D.J.	JAX	WR	240.41	170	240		156		
310	St. Brown, Equanimeous	GB	WR	240.45	158	240		152		
311	Woodhead, Danny	BAL	RB	240.46	120	240		73		
312	Gillislee, Mike	NE	RB	240.50	150	240		106		
313	Artis-Payne, Cameron	CAR	RB	240.53	137	240		101		
314	Allen, Josh	BUF	QB	240.55	182	240		126		
315	Jets, New York	NYJ	TDSP	240.56	195	240		306		
316	Cain, Deon	IND	WR	240.58	177	240		124		
317	Moore, J'Mon	GB	WR	240.59	148	240		136		
318	Reynolds, Josh	LA	WR	240.60	161	240		81		
319	Humphries, Adam	TB	WR	240.61	193	240		213		
320	Boyd, Tyler	CIN	WR	240.64	143	240		115		
321	Roberts, Michael	DET	TE	240.65	193	240		141		
322	Higbee, Tyler	LA	TE	240.66	114	240		86		
323	Scott, Boston	NO	RB	240.66	157	240		89		
324	Krieger-Coble, Henry	LA	TE	240.67	74	230		23		
325	Griffin, Ryan	HOU	TE	240.68	186	240		118		
326	Jarwin, Blake	DAL	TE	240.69	184	240		112		
327	Hollins, Mack	PHI	WR	240.71	183	240		94		
328	Celek, Garrett	SF	TE	240.72	161	240		65		
329	Dolphins, Miami	MIA	TDSP	240.73	204	240		189		
330	Morris, Alfred	SF	RB	240.74	148	240		49		
331	Treadwell, Laquon	MIN	WR	240.75	167	240		72		
332	McKissic, J.D.	SEA	RB	240.76	118	240		53		
333	Andrews, Mark	BAL	TE	240.77	180	240		67		
334	Maclin, Jeremy	FA	WR	240.77	175	240		43		
335	McCarron, AJ	BUF	QB	240.81	141	240		41		
336	Sims, Charles	TB	RB	240.81	182	240		50		
337	Dorsett, Phillip	NE	WR	240.81	176	240		47		
338	Richard, Jalen	OAK	RB	240.81	155	240		46		
339	Adams, Josh	PHI	RB	240.81	146	240		39		
340	Smallwood, Wendell	PHI	RB	240.81	159	240		37		
341	LaFell, Brandon	CIN	WR	240.82	192	240		58		
342	Juszczyk, Kyle	SF	RB	240.83	171	240		48		
343	Valdes-Scantling, Marquez	GB	WR	240.83	181	240		57		
344	Brown, Malcolm	LA	RB	240.84	173	240		41		
345	Bibbs, Kapri	WAS	RB	240.85	159	240		36		
346	Lewis, Marcedes	GB	TE	240.85	192	240		39		
347	Britt, Kenny	NE	WR	240.85	125	240		42		
348	Colts, Indianapolis	IND	TDSP	240.86	200	240		101		
349	Darboh, Amara	SEA	WR	240.87	176	240		30		
350	West, Terrance	NO	RB	240.87	158	240		34		
351	McNichols, Jeremy	SF	RB	240.88	183	240		27		
352	Williams, Chad	ARZ	WR	240.89	188	240		36		
353	Kumerow, Jake	GB	WR	240.89	188	240		42		
354	Thompson, Deonte	DAL	WR	240.90	138	240		21		
355	Warren, Chris	OAK	RB	240.90	175	238		21		
356	Rawls, Thomas	NYJ	RB	240.91	171	238		17		
357	Brissett, Jacoby	IND	QB	240.91	182	240		40		
358	West, Charcandrick	KC	RB	240.91	41	240		16		
359	Wadley, Akrum	TEN	RB	240.91	192	239		19		
360	Davis, Mike	SEA	RB	240.92	145	238		12		
361	Kerley, Jeremy	BUF	WR	240.92	184	240		38		
362	Lindsay, Phillip	DEN	RB	240.92	184	240		22		
363	Heuerman, Jeff	DEN	TE	240.92	177	240		15		
364	Henderson, Carlos	DEN	WR	240.92	198	240		26		
365	Blue, Alfred	HOU	RB	240.92	173	240		24		
366	Hogan, Kevin	WAS	QB	240.93	59	71		2		
367	Bridgewater, Teddy	NYJ	QB	240.93	151	239		18		
368	Switzer, Ryan	OAK	WR	240.93	191	240		23		
369	Turbin, Robert	IND	RB	240.93	175	240		17		
370	Robinson, Demarcus	KC	WR	240.94	207	240		21		
371	Herndon, Chris	NYJ	TE	240.94	36	238		9		
372	Berrios, Braxton	NE	WR	240.94	121	240		15		
373	Thompson, Chris	HOU	WR	240.94	95	195		3		
374	Michael, Christine	IND	RB	240.94	183	240		15		
375	Hill, Josh	NO	TE	240.94	190	236		12		
376	Thomas, Julius	FA	TE	240.95	195	239		15		
377	Washington, DeAndre	OAK	RB	240.96	194	239		12		
378	Swaim, Geoff	DAL	TE	240.96	193	240		17		
379	Smith, Ito	ATL	RB	240.96	203	239		19		
380	Williams, Damien	KC	RB	240.96	181	240		11		
381	Hollister, Jacob	NE	TE	240.96	204	240		15		
382	Latimer, Cody	NYG	WR	240.96	218	239		14		
383	Cannon, Trenton	NYJ	RB	240.96	187	240		8		
384	Hamilton, DaeSean	DEN	WR	240.97	207	238		8		
385	Thomas, Ian	CAR	TE	240.97	168	240		11		
386	Paul, Niles	JAX	TE	240.97	176	229		5		
387	Higgins, Rashard	CLE	WR	240.97	140	239		6		
388	McLoud, Ray-Ray		WR	240.97	111	111		1		
389	Grant, Jakeem	MIA	WR	240.97	209	240		14		
390	Schultz, Dalton	DAL	TE	240.97	207	234		8		
391	Boyle, Nick	BAL	TE	240.98	193	237		5		
392	Tate, Auden	CIN	WR	240.98	229	240		14		
393	Murphy, Marcus	BUF	RB	240.98	220	240		8		
394	Hansen, Chad	NYJ	WR	240.98	177	227		3		
395	Cadet, Travaris	BUF	RB	240.98	210	230		5		
396	Rodgers, Jacquizz	TB	RB	240.98	213	232		6		
397	Gresham, Jermaine	ARZ	TE	240.98	198	233		3		
398	Foreman, Armanti	MIN	WR	240.98	138	138		1		
399	Conley, Chris	KC	WR	240.98	225	240		15		
400	Rudolph, Mason	PIT	QB	240.98	197	215		3		
401	Cunningham, Benny	CHI	RB	240.98	170	239		4		
402	Akins, Jordan	HOU	TE	240.98	211	240		15		
403	Edmunds, Trey	NO	RB	240.98	195	238		7		
404	Sims, Dion	CHI	TE	240.98	169	232		3		
405	Fitzpatrick, Ryan	TB	QB	240.99	228	237		7		
406	Williams, Kerwynn	KC	RB	240.99	216	229		2		
407	Lazard, Allen	JAX	WR	240.99	209	235		2		
408	Bennett, Martellus	FA	TE	240.99	201	219		2		
409	Thomas, Roc	MIN	RB	240.99	216	235		6		
410	Kizer, DeShone	GB	QB	240.99	218	229		3		
411	Ellington, Andre	HOU	RB	240.99	228	233		3		
412	Hoyer, Brian	NE	QB	240.99	193	240		3		
413	Siemian, Trevor	MIN	QB	240.99	205	236		3		
414	Rodgers, Richard	PHI	TE	240.99	207	207		1		
415	Walford, Clive	NYJ	TE	240.99	211	240		3		
416	James, Richie	SF	WR	240.99	223	240		8		
417	Carrier, Derek	OAK	TE	240.99	230	232		3		
418	Vereen, Shane	NO	RB	240.99	230	239		4		
419	Zenner, Zach	DET	RB	240.99	207	207		1		
420	Perriman, Breshad	BAL	WR	240.99	225	237		3		
421	Jordan, Lamar	ATL	QB	240.99	204	204		1		
422	Fiedorowicz, C.J.	HOU	TE	240.99	208	229		2		
423	Logan, T.J.	ARZ	RB	240.99	213	239		3		
424	Fleener, Coby	FA	TE	240.99	206	234		2		
425	Farrow, Kenneth	LAC	RB	240.99	208	232		2		
426	Wright, Jarius	CAR	WR	240.99	229	237		3		
427	Pumphrey, Donnel	PHI	RB	240.99	229	236		3		
428	Ripkowski, Aaron	GB	RB	240.99	195	238		2		
429	Stewart, ArDarius	NYJ	WR	240.99	203	238		2		
430	Smith, Keith	OAK	RB	240.99	215	215		1		
431	Bellore, Nick	DET	RB	240.99	206	206		1		
432	Coleman, Brandon	NO	WR	240.99	211	238		3		
433	Ellington, Bruce	HOU	WR	240.99	232	238		8		
434	Mostert, Raheem	SF	RB	240.99	201	201		1		
435	Shepard, Russell	NYG	WR	240.99	195	195		1		
436	O'Leary, Nick	BUF	TE	241.00	232	235		2		
437	Charles, Jamaal	DEN	RB	241.00	227	240		2		
438	Lasley, Jordan	BAL	WR	241.00	235	235		1		
439	Davis, Austin	SEA	QB	241.00	239	239		2		
440	Webb, Ralph	NE	RB	241.00	238	238		1		
441	Fells, Darren	CLE	TE	241.00	239	239		1		
442	Janis, Jeff	CLE	WR	241.00	240	240		2		
443	Arnold, Dan	NO	WR	241.00	240	240		1		
444	Dieter, Gehrig	KC	WR	241.00	240	240		1		
445	Derby, A.J.	MIA	TE	241.00	235	239		2		
446	Beathard, C.J.	SF	QB	241.00	235	238		3		
447	Roberts, Seth	OAK	WR	241.00	230	239		3		
448	Robinson, Aldrick	SF	WR	241.00	234	234		1		
449	Fountain, Daurice	IND	WR	241.00	228	238		2		
450	Wims, Javon	CHI	WR	241.00	232	238		2		
451	Bourne, Kendrick	SF	WR	241.00	233	239		3		
452	Quinn, Trey	WAS	WR	241.00	235	235		1		
453	Harris, Demetrius	KC	TE	241.00	228	237		3		
454	Oliver, Branden	IND	RB	241.00	230	230		1		
455	Moore, Chris	BAL	WR	241.00	220	220		1		
456	Webb, Davis	NYG	QB	241.00	221	221		1		
457	Wilson, Nick		RB	241.00	227	227		1		
458	Line, Zach	NO	RB	241.00	219	219		1		
459	Perkins, Paul	NYG	RB	241.00	228	228		1		
460	Hunter, Justin	PIT	WR	241.00	221	221		1		
461	Fumagali, Troy		TE	241.00	221	221		1		
462	Winn, George	IND	RB	241.00	225	225		1		
463	Marshall, Byron	WAS	RB	241.00	223	223		1		
464	Malone, Josh	CIN	WR	241.00	225	225		1		
465	Hundley, Brett	GB	QB	241.00	225	225		1		
466	Green, Tion	IND	RB	241.00	226	226		1		
467	Foster, Robert	BUF	WR	241.00	228	228		1		
468	King, Tavarres	MIN	WR	241.00	224	234		2		
469	Ervin, Tyler	HOU	RB	241.00	231	231		1		
470	Brown, Noah	DAL	WR	241.00	231	231		1		
471	Swoope, Erik	IND	TE	241.00	231	232		2		
472	Heyward-Bey, Darrius	PIT	WR	241.00	232	232		1		
473	Sims, Cam	WAS	WR	241.00	232	232		1		
474	Washington, Dwayne	DET	RB	241.00	231	231		1		
475	Daniel, Chase	CHI	QB	241.00	231	231		1		
476	Aiken, Kamar	PHI	WR	241.00	229	229		1		
477	Gibson, Shelton	PHI	WR	241.00	223	235		2		
478	Sharpe, Tajae	TEN	WR	241.00	230	230		2		
479	Leggett, Jordan	NYJ	TE	241.00	225	236		2		
480	DeValve, Seth	CLE	TE	241.00	233	233		1		
